simulation,time_saving,time_saving_percentage,velocityRamp_start,velocityRamp_end,velocityRamp_duration,largeTimeStep_start,largeTimeStep_end,largeTimeStep_duration,propulsionVariation_start,propulsionVariation_end,propulsionVariation_duration,final_start,final_end,final_duration
BL00.0_T_05_00_v_11_00,29.392200000000017,0.15175979652594704,0.0,74.08,74.08,26.17,146.4438,120.27380000000001,84.18,114.2178,30.03779999999999,143.61,193.6758,50.065799999999996
BL00.0_T_05_00_v_13_00,28.538199999999975,0.14300894463616223,0.0,74.08,74.08,30.9,60.9237,30.023699999999998,88.11,158.1681,70.05810000000001,159.51999999999998,199.55535,40.03535000000002
BL00.0_T_05_00_v_17_00,48.90870000000004,0.20438420152960018,0.0,74.08,74.08,40.32,70.3714,30.051399999999994,105.68,185.6899,80.00989999999999,199.29000000000002,239.29785,40.00784999999999
